setCount,objectCount,sensitivity,useClustering,useType,useId,runtime,confidence
200,6,0.015625,0,0,0,8.095,0.988333
200,6,0.015625,0,1,0,1.04,0.988333
200,6,0.015625,0,0,1,5.635,0.988333
200,6,0.015625,0,1,1,1.015,0.988333
200,6,0.03125,0,0,0,8.06,0.988333
200,6,0.03125,0,1,0,1.01,0.988333
200,6,0.03125,0,0,1,5.665,0.988333
200,6,0.03125,0,1,1,1,0.988333
200,6,0.0625,0,0,0,38.965,0.988333
200,6,0.0625,0,1,0,1.01,0.988333
200,6,0.0625,0,0,1,5.35,0.988333
200,6,0.0625,0,1,1,1,0.988333
200,6,0.125,0,0,0,164.055,0.988333
200,6,0.125,0,1,0,1,0.988333
200,6,0.125,0,0,1,98.19,0.988333
200,6,0.125,0,1,1,0.995,0.988333
200,6,0.25,0,0,0,235.975,0.988333
200,6,0.25,0,1,0,1,0.988333
200,6,0.25,0,0,1,74.33,0.988333
200,6,0.25,0,1,1,1,0.988333
200,6,0.5,0,0,0,409.025,0.988333
200,6,0.5,0,1,0,0.995,0.988333
200,6,0.5,0,0,1,219.625,0.988333
200,6,0.5,0,1,1,0.995,0.988333
200,6,1,0,0,0,476.455,0.983333
200,6,1,0,1,0,0.995,0.988333
200,6,1,0,0,1,276.17,0.983333
200,6,1,0,1,1,0.995,0.988333
200,5,0.015625,0,0,0,6.885,0.987
200,5,0.015625,0,1,0,0.985,0.987
200,5,0.015625,0,0,1,3.37,0.987
200,5,0.015625,0,1,1,0.985,0.987
200,5,0.03125,0,0,0,29.405,0.987
200,5,0.03125,0,1,0,0.985,0.987
200,5,0.03125,0,0,1,3.005,0.987
200,5,0.03125,0,1,1,0.985,0.987
200,5,0.0625,0,0,0,29.565,0.987
200,5,0.0625,0,1,0,0.985,0.987
200,5,0.0625,0,0,1,2.98,0.987
200,5,0.0625,0,1,1,0.985,0.987
200,5,0.125,0,0,0,61.12,0.987
200,5,0.125,0,1,0,0.985,0.987
200,5,0.125,0,0,1,4.7,0.987
200,5,0.125,0,1,1,0.985,0.987
200,5,0.25,0,0,0,145.35,0.987
200,5,0.25,0,1,0,0.985,0.987
200,5,0.25,0,0,1,36.12,0.987
200,5,0.25,0,1,1,0.985,0.987
200,5,0.5,0,0,0,375.99,0.987
200,5,0.5,0,1,0,0.985,0.987
200,5,0.5,0,0,1,185.545,0.987
200,5,0.5,0,1,1,0.985,0.987
200,5,1,0,0,0,365.155,0.987
200,5,1,0,1,0,0.985,0.987
200,5,1,0,0,1,175.15,0.987
200,5,1,0,1,1,0.985,0.987
200,4,0.015625,0,0,0,4.89,0.985
200,4,0.015625,0,1,0,0.985,0.985
200,4,0.015625,0,0,1,1.98,0.985
200,4,0.015625,0,1,1,0.985,0.985
200,4,0.03125,0,0,0,27.125,0.985
200,4,0.03125,0,1,0,0.985,0.985
200,4,0.03125,0,0,1,1.98,0.985
200,4,0.03125,0,1,1,0.985,0.985
200,4,0.0625,0,0,0,27.4,0.985
200,4,0.0625,0,1,0,0.985,0.985
200,4,0.0625,0,0,1,1.98,0.985
200,4,0.0625,0,1,1,0.985,0.985
200,4,0.125,0,0,0,59.05,0.985
200,4,0.125,0,1,0,0.985,0.985
200,4,0.125,0,0,1,3.665,0.985
200,4,0.125,0,1,1,0.985,0.985
200,4,0.25,0,0,0,99.225,0.985
200,4,0.25,0,1,0,0.985,0.985
200,4,0.25,0,0,1,6.28,0.985
200,4,0.25,0,1,1,0.985,0.985
200,4,0.5,0,0,0,222.465,0.925
200,4,0.5,0,1,0,0.985,0.985
200,4,0.5,0,0,1,35.3,0.985
200,4,0.5,0,1,1,0.985,0.985
200,4,1,0,0,0,224.02,0.925
200,4,1,0,1,0,0.985,0.985
200,4,1,0,0,1,35.245,0.985
200,4,1,0,1,1,0.985,0.985
200,3,0.015625,0,0,0,1.97,0.985
200,3,0.015625,0,1,0,0.975,0.985
200,3,0.015625,0,0,1,1.02,0.985
200,3,0.015625,0,1,1,0.975,0.985
200,3,0.03125,0,0,0,1.97,0.985
200,3,0.03125,0,1,0,0.975,0.985
200,3,0.03125,0,0,1,1.04,0.985
200,3,0.03125,0,1,1,0.975,0.985
200,3,0.0625,0,0,0,1.97,0.985
200,3,0.0625,0,1,0,0.975,0.985
200,3,0.0625,0,0,1,1.02,0.985
200,3,0.0625,0,1,1,0.975,0.985
200,3,0.125,0,0,0,3.65,0.985
200,3,0.125,0,1,0,0.975,0.985
200,3,0.125,0,0,1,2.72,0.985
200,3,0.125,0,1,1,0.975,0.985
200,3,0.25,0,0,0,5.635,0.985
200,3,0.25,0,1,0,0.975,0.985
200,3,0.25,0,0,1,4.73,0.985
200,3,0.25,0,1,1,0.975,0.985
200,3,0.5,0,0,0,35.265,0.985
200,3,0.5,0,1,0,0.975,0.985
200,3,0.5,0,0,1,34.17,0.985
200,3,0.5,0,1,1,0.975,0.985
200,3,1,0,0,0,35.185,0.985
200,3,1,0,1,0,0.975,0.985
200,3,1,0,0,1,34.19,0.985
200,3,1,0,1,1,0.975,0.985
200,2,0.015625,0,0,0,0.985,0.99
200,2,0.015625,0,1,0,0,0.99
200,2,0.015625,0,0,1,0.985,0.99
200,2,0.015625,0,1,1,0,0.99
200,2,0.03125,0,0,0,0.985,0.99
200,2,0.03125,0,1,0,0,0.99
200,2,0.03125,0,0,1,0.985,0.99
200,2,0.03125,0,1,1,0,0.99
200,2,0.0625,0,0,0,0.985,0.99
200,2,0.0625,0,1,0,0,0.99
200,2,0.0625,0,0,1,0.985,0.99
200,2,0.0625,0,1,1,0.005,0.99
200,2,0.125,0,0,0,0.985,0.99
200,2,0.125,0,1,0,0,0.99
200,2,0.125,0,0,1,0.985,0.99
200,2,0.125,0,1,1,0,0.99
200,2,0.25,0,0,0,1.22,0.99
200,2,0.25,0,1,0,0,0.99
200,2,0.25,0,0,1,0.985,0.99
200,2,0.25,0,1,1,0.005,0.99
200,2,0.5,0,0,0,1.215,0.99
200,2,0.5,0,1,0,0,0.99
200,2,0.5,0,0,1,0.985,0.99
200,2,0.5,0,1,1,0,0.99
200,2,1,0,0,0,1.165,0.99
200,2,1,0,1,0,0,0.99
200,2,1,0,0,1,0.985,0.99
200,2,1,0,1,1,0,0.99
200,1,0.015625,0,0,0,0,0.995
200,1,0.015625,0,1,0,0,0.995
200,1,0.015625,0,0,1,0,0.995
200,1,0.015625,0,1,1,0,0.995
200,1,0.03125,0,0,0,0,0.995
200,1,0.03125,0,1,0,0,0.995
200,1,0.03125,0,0,1,0,0.995
200,1,0.03125,0,1,1,0,0.995
200,1,0.0625,0,0,0,0,0.995
200,1,0.0625,0,1,0,0,0.995
200,1,0.0625,0,0,1,0,0.995
200,1,0.0625,0,1,1,0,0.995
200,1,0.125,0,0,0,0,0.995
200,1,0.125,0,1,0,0,0.995
200,1,0.125,0,0,1,0,0.995
200,1,0.125,0,1,1,0,0.995
200,1,0.25,0,0,0,0,0.995
200,1,0.25,0,1,0,0,0.995
200,1,0.25,0,0,1,0,0.995
200,1,0.25,0,1,1,0,0.995
200,1,0.5,0,0,0,0,0.995
200,1,0.5,0,1,0,0,0.995
200,1,0.5,0,0,1,0,0.995
200,1,0.5,0,1,1,0,0.995
200,1,1,0,0,0,0,0.995
200,1,1,0,1,0,0,0.995
200,1,1,0,0,1,0,0.995
200,1,1,0,1,1,0,0.995
200,6,0.015625,1,0,0,171.925,0.9875
200,6,0.015625,1,1,0,16.765,0.9875
200,6,0.015625,1,0,1,111.545,0.9875
200,6,0.015625,1,1,1,16.51,0.9875
200,6,0.03125,1,0,0,135.5,0.9875
200,6,0.03125,1,1,0,12.42,0.9875
200,6,0.03125,1,0,1,83.3,0.9875
200,6,0.03125,1,1,1,12.35,0.9875
200,6,0.0625,1,0,0,408.675,0.988333
200,6,0.0625,1,1,0,9.115,0.988333
200,6,0.0625,1,0,1,80.765,0.988333
200,6,0.0625,1,1,1,9.02,0.988333
200,6,0.125,1,0,0,1032.24,0.988333
200,6,0.125,1,1,0,8.04,0.988333
200,6,0.125,1,0,1,592.02,0.988333
200,6,0.125,1,1,1,8.065,0.988333
200,6,0.25,1,0,0,796.15,0.988333
200,6,0.25,1,1,0,8.055,0.988333
200,6,0.25,1,0,1,474.575,0.988333
200,6,0.25,1,1,1,8.06,0.988333
200,6,0.5,1,0,0,823.865,0.988333
200,6,0.5,1,1,0,8.035,0.988333
200,6,0.5,1,0,1,417.895,0.988333
200,6,0.5,1,1,1,8.08,0.988333
200,6,1,1,0,0,840.87,0.978333
200,6,1,1,1,0,8.02,0.968333
200,6,1,1,0,1,388.07,0.978333
200,6,1,1,1,1,8.235,0.968333
200,5,0.015625,1,0,0,93.235,0.971
200,5,0.015625,1,1,0,8.97,0.887
200,5,0.015625,1,0,1,46.795,0.974
200,5,0.015625,1,1,1,9.02,0.887
200,5,0.03125,1,0,0,142.94,0.929
200,5,0.03125,1,1,0,5.96,0.798
200,5,0.03125,1,0,1,33.85,0.945
200,5,0.03125,1,1,1,5.98,0.798
200,5,0.0625,1,0,0,159.835,0.987
200,5,0.0625,1,1,0,4.095,0.987
200,5,0.0625,1,0,1,27.485,0.987
200,5,0.0625,1,1,1,4.08,0.987
200,5,0.125,1,0,0,171.53,0.987
200,5,0.125,1,1,0,4.37,0.987
200,5,0.125,1,0,1,67.25,0.987
200,5,0.125,1,1,1,4.075,0.987
200,5,0.25,1,0,0,442.16,0.987
200,5,0.25,1,1,0,4.095,0.987
200,5,0.25,1,0,1,109.44,0.987
200,5,0.25,1,1,1,4.085,0.987
200,5,0.5,1,0,0,540,0.968
200,5,0.5,1,1,0,4.115,0.987
200,5,0.5,1,0,1,181.525,0.987
200,5,0.5,1,1,1,4.06,0.987
200,5,1,1,0,0,693.95,0.987
200,5,1,1,1,0,4.375,0.987
200,5,1,1,0,1,244.12,0.402
200,5,1,1,1,1,4.455,0.987
200,4,0.015625,1,0,0,34.12,0.985
200,4,0.015625,1,1,0,4.99,0.985
200,4,0.015625,1,0,1,18.155,0.985
200,4,0.015625,1,1,1,4.985,0.985
200,4,0.03125,1,0,0,46.045,0.985
200,4,0.03125,1,1,0,4.875,0.985
200,4,0.03125,1,0,1,15.405,0.985
200,4,0.03125,1,1,1,4.865,0.985
200,4,0.0625,1,0,0,132.83,0.985
200,4,0.0625,1,1,0,3.93,0.985
200,4,0.0625,1,0,1,12.86,0.985
200,4,0.0625,1,1,1,3.93,0.985
200,4,0.125,1,0,0,142.545,0.985
200,4,0.125,1,1,0,3.93,0.985
200,4,0.125,1,0,1,11.85,0.985
200,4,0.125,1,1,1,3.93,0.985
200,4,0.25,1,0,0,437.64,0.985
200,4,0.25,1,1,0,3.93,0.985
200,4,0.25,1,0,1,20.985,0.985
200,4,0.25,1,1,1,3.93,0.985
200,4,0.5,1,0,0,255.205,0.7625
200,4,0.5,1,1,0,3.93,0.985
200,4,0.5,1,0,1,40.705,0.98
200,4,0.5,1,1,1,3.93,0.985
200,4,1,1,0,0,138.535,0.73875
200,4,1,1,1,0,3.93,0.985
200,4,1,1,0,1,168.225,0.24875
200,4,1,1,1,1,3.93,0.985
200,3,0.015625,1,0,0,6.88,0.985
200,3,0.015625,1,1,0,1.98,0.985
200,3,0.015625,1,0,1,4.925,0.985
200,3,0.015625,1,1,1,1.98,0.985
200,3,0.03125,1,0,0,6.905,0.985
200,3,0.03125,1,1,0,1.98,0.985
200,3,0.03125,1,0,1,4.935,0.985
200,3,0.03125,1,1,1,1.98,0.985
200,3,0.0625,1,0,0,5.91,0.985
200,3,0.0625,1,1,0,1.01,0.985
200,3,0.0625,1,0,1,3.95,0.985
200,3,0.0625,1,1,1,1.035,0.985
200,3,0.125,1,0,0,7.615,0.985
200,3,0.125,1,1,0,1.04,0.985
200,3,0.125,1,0,1,5.635,0.985
200,3,0.125,1,1,1,1.05,0.985
200,3,0.25,1,0,0,9.59,0.985
200,3,0.25,1,1,0,1.045,0.985
200,3,0.25,1,0,1,7.64,0.985
200,3,0.25,1,1,1,1.005,0.985
200,3,0.5,1,0,0,67.41,0.985
200,3,0.5,1,1,0,1.08,0.985
200,3,0.5,1,0,1,68.415,0.985
200,3,0.5,1,1,1,1.125,0.985
200,3,1,1,0,0,68.29,0.985
200,3,1,1,1,0,1.035,0.985
200,3,1,1,0,1,67.295,0.985
200,3,1,1,1,1,1.015,0.985
200,2,0.015625,1,0,0,0.985,0.99
200,2,0.015625,1,1,0,0.005,0.99
200,2,0.015625,1,0,1,0.985,0.99
200,2,0.015625,1,1,1,0,0.99
200,2,0.03125,1,0,0,0.985,0.99
200,2,0.03125,1,1,0,0.005,0.99
200,2,0.03125,1,0,1,0.985,0.99
200,2,0.03125,1,1,1,0.005,0.99
200,2,0.0625,1,0,0,0.985,0.99
200,2,0.0625,1,1,0,0,0.99
200,2,0.0625,1,0,1,0.985,0.99
200,2,0.0625,1,1,1,0,0.99
200,2,0.125,1,0,0,0.985,0.99
200,2,0.125,1,1,0,0,0.99
200,2,0.125,1,0,1,0.985,0.99
200,2,0.125,1,1,1,0,0.99
200,2,0.25,1,0,0,1.835,0.99
200,2,0.25,1,1,0,0,0.99
200,2,0.25,1,0,1,0.985,0.99
200,2,0.25,1,1,1,0,0.99
200,2,0.5,1,0,0,1.4,0.99
200,2,0.5,1,1,0,0.005,0.99
200,2,0.5,1,0,1,0.985,0.99
200,2,0.5,1,1,1,0.005,0.99
200,2,1,1,0,0,1.22,0.99
200,2,1,1,1,0,0,0.99
200,2,1,1,0,1,0.985,0.99
200,2,1,1,1,1,0,0.99
200,1,0.015625,1,0,0,0,0.995
200,1,0.015625,1,1,0,0,0.995
200,1,0.015625,1,0,1,0,0.995
200,1,0.015625,1,1,1,0,0.995
200,1,0.03125,1,0,0,0,0.995
200,1,0.03125,1,1,0,0,0.995
200,1,0.03125,1,0,1,0,0.995
200,1,0.03125,1,1,1,0,0.995
200,1,0.0625,1,0,0,0,0.995
200,1,0.0625,1,1,0,0,0.995
200,1,0.0625,1,0,1,0,0.995
200,1,0.0625,1,1,1,0,0.995
200,1,0.125,1,0,0,0,0.995
200,1,0.125,1,1,0,0,0.995
200,1,0.125,1,0,1,0,0.995
200,1,0.125,1,1,1,0,0.995
200,1,0.25,1,0,0,0,0.995
200,1,0.25,1,1,0,0,0.995
200,1,0.25,1,0,1,0,0.995
200,1,0.25,1,1,1,0,0.995
200,1,0.5,1,0,0,0,0.995
200,1,0.5,1,1,0,0,0.995
200,1,0.5,1,0,1,0,0.995
200,1,0.5,1,1,1,0,0.995
200,1,1,1,0,0,0,0.995
200,1,1,1,1,0,0,0.995
200,1,1,1,0,1,0,0.995
200,1,1,1,1,1,0,0.995
100,6,0.015625,0,0,0,3.96,0.99
100,6,0.015625,0,1,0,0.99,0.99
100,6,0.015625,0,0,1,2.97,0.99
100,6,0.015625,0,1,1,0.99,0.99
100,6,0.03125,0,0,0,3.97,0.99
100,6,0.03125,0,1,0,0.99,0.99
100,6,0.03125,0,0,1,2.76,0.99
100,6,0.03125,0,1,1,0.99,0.99
100,6,0.0625,0,0,0,12.01,0.99
100,6,0.0625,0,1,0,0.99,0.99
100,6,0.0625,0,0,1,2.66,0.99
100,6,0.0625,0,1,1,0.99,0.99
100,6,0.125,0,0,0,43.02,0.99
100,6,0.125,0,1,0,0.99,0.99
100,6,0.125,0,0,1,25.81,0.99
100,6,0.125,0,1,1,0.99,0.99
100,6,0.25,0,0,0,62.27,0.99
100,6,0.25,0,1,0,0.99,0.99
100,6,0.25,0,0,1,19.85,0.99
100,6,0.25,0,1,1,0.99,0.99
100,6,0.5,0,0,0,104.45,0.99
100,6,0.5,0,1,0,0.99,0.99
100,6,0.5,0,0,1,56.8,0.99
100,6,0.5,0,1,1,0.99,0.99
100,6,1,0,0,0,123.56,0.99
100,6,1,0,1,0,0.99,0.99
100,6,1,0,0,1,72.71,0.99
100,6,1,0,1,1,0.99,0.99
100,5,0.015625,0,0,0,4.9,0.99
100,5,0.015625,0,1,0,0.99,0.99
100,5,0.015625,0,0,1,1.98,0.99
100,5,0.015625,0,1,1,0.99,0.99
100,5,0.03125,0,0,0,4.76,0.99
100,5,0.03125,0,1,0,0.99,0.99
100,5,0.03125,0,0,1,1.98,0.99
100,5,0.03125,0,1,1,0.99,0.99
100,5,0.0625,0,0,0,18.17,0.99
100,5,0.0625,0,1,0,0.99,0.99
100,5,0.0625,0,0,1,1.98,0.99
100,5,0.0625,0,1,1,0.99,0.99
100,5,0.125,0,0,0,17.86,0.99
100,5,0.125,0,1,0,0.99,0.99
100,5,0.125,0,0,1,1.98,0.99
100,5,0.125,0,1,1,0.99,0.99
100,5,0.25,0,0,0,58.96,0.99
100,5,0.25,0,1,0,0.99,0.99
100,5,0.25,0,0,1,10.17,0.99
100,5,0.25,0,1,1,0.99,0.99
100,5,0.5,0,0,0,31.31,0.99
100,5,0.5,0,1,0,0.99,0.99
100,5,0.5,0,0,1,20.81,0.99
100,5,0.5,0,1,1,0.99,0.99
100,5,1,0,0,0,31.51,0.99
100,5,1,0,1,0,0.99,0.99
100,5,1,0,0,1,20.81,0.99
100,5,1,0,1,1,0.99,0.99
100,4,0.015625,0,0,0,3.74,0.99
100,4,0.015625,0,1,0,0,0.99
100,4,0.015625,0,0,1,0.99,0.99
100,4,0.015625,0,1,1,0.11,0.99
100,4,0.03125,0,0,0,3.74,0.99
100,4,0.03125,0,1,0,0,0.99
100,4,0.03125,0,0,1,0.99,0.99
100,4,0.03125,0,1,1,0.02,0.99
100,4,0.0625,0,0,0,17.62,0.99
100,4,0.0625,0,1,0,0.01,0.99
100,4,0.0625,0,0,1,0.99,0.99
100,4,0.0625,0,1,1,0,0.99
100,4,0.125,0,0,0,17.06,0.99
100,4,0.125,0,1,0,0,0.99
100,4,0.125,0,0,1,0.99,0.99
100,4,0.125,0,1,1,0,0.99
100,4,0.25,0,0,0,35.98,0.99
100,4,0.25,0,1,0,0.01,0.99
100,4,0.25,0,0,1,8.91,0.99
100,4,0.25,0,1,1,0,0.99
100,4,0.5,0,0,0,28.62,0.99
100,4,0.5,0,1,0,0,0.99
100,4,0.5,0,0,1,8.92,0.99
100,4,0.5,0,1,1,0.01,0.99
100,4,1,0,0,0,28.95,0.99
100,4,1,0,1,0,0.01,0.99
100,4,1,0,0,1,8.91,0.99
100,4,1,0,1,1,0,0.99
100,3,0.015625,0,0,0,0.99,0.99
100,3,0.015625,0,1,0,0,0.99
100,3,0.015625,0,0,1,0.99,0.99
100,3,0.015625,0,1,1,0,0.99
100,3,0.03125,0,0,0,0.99,0.99
100,3,0.03125,0,1,0,0,0.99
100,3,0.03125,0,0,1,0.99,0.99
100,3,0.03125,0,1,1,0,0.99
100,3,0.0625,0,0,0,0.99,0.99
100,3,0.0625,0,1,0,0,0.99
100,3,0.0625,0,0,1,0.99,0.99
100,3,0.0625,0,1,1,0,0.99
100,3,0.125,0,0,0,0.99,0.99
100,3,0.125,0,1,0,0,0.99
100,3,0.125,0,0,1,0.99,0.99
100,3,0.125,0,1,1,0,0.99
100,3,0.25,0,0,0,0.99,0.99
100,3,0.25,0,1,0,0,0.99
100,3,0.25,0,0,1,0.99,0.99
100,3,0.25,0,1,1,0,0.99
100,3,0.5,0,0,0,0.99,0.99
100,3,0.5,0,1,0,0,0.99
100,3,0.5,0,0,1,0.99,0.99
100,3,0.5,0,1,1,0,0.99
100,3,1,0,0,0,0.99,0.99
100,3,1,0,1,0,0,0.99
100,3,1,0,0,1,0.99,0.99
100,3,1,0,1,1,0,0.99
100,2,0.015625,0,0,0,0,0.99
100,2,0.015625,0,1,0,0,0.99
100,2,0.015625,0,0,1,0,0.99
100,2,0.015625,0,1,1,0,0.99
100,2,0.03125,0,0,0,0,0.99
100,2,0.03125,0,1,0,0,0.99
100,2,0.03125,0,0,1,0,0.99
100,2,0.03125,0,1,1,0,0.99
100,2,0.0625,0,0,0,0,0.99
100,2,0.0625,0,1,0,0,0.99
100,2,0.0625,0,0,1,0,0.99
100,2,0.0625,0,1,1,0,0.99
100,2,0.125,0,0,0,0,0.99
100,2,0.125,0,1,0,0,0.99
100,2,0.125,0,0,1,0,0.99
100,2,0.125,0,1,1,0,0.99
100,2,0.25,0,0,0,0,0.99
100,2,0.25,0,1,0,0,0.99
100,2,0.25,0,0,1,0,0.99
100,2,0.25,0,1,1,0,0.99
100,2,0.5,0,0,0,4.24,0.99
100,2,0.5,0,1,0,0,0.99
100,2,0.5,0,0,1,0,0.99
100,2,0.5,0,1,1,0,0.99
100,2,1,0,0,0,4.17,0.99
100,2,1,0,1,0,0,0.99
100,2,1,0,0,1,0,0.99
100,2,1,0,1,1,0,0.99
100,1,0.015625,0,0,0,0,0.99
100,1,0.015625,0,1,0,0,0.99
100,1,0.015625,0,0,1,0,0.99
100,1,0.015625,0,1,1,0,0.99
100,1,0.03125,0,0,0,0,0.99
100,1,0.03125,0,1,0,0,0.99
100,1,0.03125,0,0,1,0,0.99
100,1,0.03125,0,1,1,0,0.99
100,1,0.0625,0,0,0,0,0.99
100,1,0.0625,0,1,0,0,0.99
100,1,0.0625,0,0,1,0,0.99
100,1,0.0625,0,1,1,0,0.99
100,1,0.125,0,0,0,0,0.99
100,1,0.125,0,1,0,0,0.99
100,1,0.125,0,0,1,0,0.99
100,1,0.125,0,1,1,0,0.99
100,1,0.25,0,0,0,0,0.99
100,1,0.25,0,1,0,0,0.99
100,1,0.25,0,0,1,0,0.99
100,1,0.25,0,1,1,0,0.99
100,1,0.5,0,0,0,0,0.99
100,1,0.5,0,1,0,0,0.99
100,1,0.5,0,0,1,0,0.99
100,1,0.5,0,1,1,0,0.99
100,1,1,0,0,0,0,0.99
100,1,1,0,1,0,0,0.99
100,1,1,0,0,1,0,0.99
100,1,1,0,1,1,0,0.99
100,6,0.015625,1,0,0,45.23,0.99
100,6,0.015625,1,1,0,3.92,0.99
100,6,0.015625,1,0,1,26.44,0.99
100,6,0.015625,1,1,1,3.92,0.99
100,6,0.03125,1,0,0,38.5,0.99
100,6,0.03125,1,1,0,3.05,0.99
100,6,0.03125,1,0,1,23.17,0.99
100,6,0.03125,1,1,1,3.03,0.99
100,6,0.0625,1,0,0,76.1,0.99
100,6,0.0625,1,1,0,3.01,0.99
100,6,0.0625,1,0,1,20.46,0.99
100,6,0.0625,1,1,1,3.03,0.99
100,6,0.125,1,0,0,149.19,0.99
100,6,0.125,1,1,0,3.03,0.99
100,6,0.125,1,0,1,67.21,0.99
100,6,0.125,1,1,1,3.2,0.99
100,6,0.25,1,0,0,236.79,0.99
100,6,0.25,1,1,0,3.02,0.99
100,6,0.25,1,0,1,81.37,0.99
100,6,0.25,1,1,1,3.02,0.99
100,6,0.5,1,0,0,289.37,0.66
100,6,0.5,1,1,0,2.99,0.99
100,6,0.5,1,0,1,121.24,0.495
100,6,0.5,1,1,1,2.97,0.99
100,6,1,1,0,0,315.54,0.66
100,6,1,1,1,0,3.04,0.99
100,6,1,1,0,1,141.34,0.495
100,6,1,1,1,1,2.97,0.99
100,5,0.015625,1,0,0,31.92,0.99
100,5,0.015625,1,1,0,3.43,0.99
100,5,0.015625,1,0,1,13.78,0.99
100,5,0.015625,1,1,1,3.42,0.99
100,5,0.03125,1,0,0,27.54,0.99
100,5,0.03125,1,1,0,2.9,0.99
100,5,0.03125,1,0,1,11.41,0.99
100,5,0.03125,1,1,1,2.9,0.99
100,5,0.0625,1,0,0,81.44,0.99
100,5,0.0625,1,1,0,2.9,0.99
100,5,0.0625,1,0,1,11.27,0.99
100,5,0.0625,1,1,1,2.9,0.99
100,5,0.125,1,0,0,81.02,0.99
100,5,0.125,1,1,0,2.9,0.99
100,5,0.125,1,0,1,10.98,0.99
100,5,0.125,1,1,1,2.91,0.99
100,5,0.25,1,0,0,228.51,0.99
100,5,0.25,1,1,0,2.01,0.99
100,5,0.25,1,0,1,91.91,0.99
100,5,0.25,1,1,1,1.99,0.99
100,5,0.5,1,0,0,150.33,0.792
100,5,0.5,1,1,0,2.03,0.99
100,5,0.5,1,0,1,83.28,0.99
100,5,0.5,1,1,1,2.14,0.99
100,5,1,1,0,0,178.25,0.792
100,5,1,1,1,0,2.06,0.99
100,5,1,1,0,1,83.73,0.99
100,5,1,1,1,1,2.02,0.99
100,4,0.015625,1,0,0,19.9,0.99
100,4,0.015625,1,1,0,2.9,0.99
100,4,0.015625,1,0,1,7.01,0.99
100,4,0.015625,1,1,1,2.9,0.99
100,4,0.03125,1,0,0,17.81,0.99
100,4,0.03125,1,1,0,1.99,0.99
100,4,0.03125,1,0,1,5.87,0.99
100,4,0.03125,1,1,1,1.98,0.99
100,4,0.0625,1,0,0,74.02,0.99
100,4,0.0625,1,1,0,1.98,0.99
100,4,0.0625,1,0,1,5.87,0.99
100,4,0.0625,1,1,1,1.98,0.99
100,4,0.125,1,0,0,72.27,0.99
100,4,0.125,1,1,0,1.98,0.99
100,4,0.125,1,0,1,5.87,0.99
100,4,0.125,1,1,1,1.98,0.99
100,4,0.25,1,0,0,138.67,0.99
100,4,0.25,1,1,0,1.98,0.99
100,4,0.25,1,0,1,35.64,0.99
100,4,0.25,1,1,1,1.98,0.99
100,4,0.5,1,0,0,103.29,0.765
100,4,0.5,1,1,0,1.98,0.99
100,4,0.5,1,0,1,42.57,0.99
100,4,0.5,1,1,1,1.98,0.99
100,4,1,1,0,0,110.13,0.765
100,4,1,1,1,0,1.98,0.99
100,4,1,1,0,1,42.57,0.99
100,4,1,1,1,1,1.98,0.99
100,3,0.015625,1,0,0,3.08,0.99
100,3,0.015625,1,1,0,0.99,0.99
100,3,0.015625,1,0,1,1.98,0.99
100,3,0.015625,1,1,1,0.99,0.99
100,3,0.03125,1,0,0,2.97,0.99
100,3,0.03125,1,1,0,0.99,0.99
100,3,0.03125,1,0,1,1.99,0.99
100,3,0.03125,1,1,1,0.99,0.99
100,3,0.0625,1,0,0,2.97,0.99
100,3,0.0625,1,1,0,0.99,0.99
100,3,0.0625,1,0,1,1.98,0.99
100,3,0.0625,1,1,1,0.99,0.99
100,3,0.125,1,0,0,2.99,0.99
100,3,0.125,1,1,0,0.99,0.99
100,3,0.125,1,0,1,1.98,0.99
100,3,0.125,1,1,1,0.99,0.99
100,3,0.25,1,0,0,6.93,0.99
100,3,0.25,1,1,0,0.99,0.99
100,3,0.25,1,0,1,9.9,0.99
100,3,0.25,1,1,1,0.99,0.99
100,3,0.5,1,0,0,6.93,0.99
100,3,0.5,1,1,0,0.99,0.99
100,3,0.5,1,0,1,9.91,0.99
100,3,0.5,1,1,1,0.99,0.99
100,3,1,1,0,0,6.93,0.99
100,3,1,1,1,0,0.99,0.99
100,3,1,1,0,1,9.9,0.99
100,3,1,1,1,1,0.99,0.99
100,2,0.015625,1,0,0,0,0.99
100,2,0.015625,1,1,0,0,0.99
100,2,0.015625,1,0,1,0,0.99
100,2,0.015625,1,1,1,0,0.99
100,2,0.03125,1,0,0,0.01,0.99
100,2,0.03125,1,1,0,0,0.99
100,2,0.03125,1,0,1,0,0.99
100,2,0.03125,1,1,1,0,0.99
100,2,0.0625,1,0,0,0,0.99
100,2,0.0625,1,1,0,0,0.99
100,2,0.0625,1,0,1,0,0.99
100,2,0.0625,1,1,1,0,0.99
100,2,0.125,1,0,0,0,0.99
100,2,0.125,1,1,0,0,0.99
100,2,0.125,1,0,1,0,0.99
100,2,0.125,1,1,1,0,0.99
100,2,0.25,1,0,0,0,0.99
100,2,0.25,1,1,0,0,0.99
100,2,0.25,1,0,1,0,0.99
100,2,0.25,1,1,1,0,0.99
100,2,0.5,1,0,0,4.03,0.99
100,2,0.5,1,1,0,0,0.99
100,2,0.5,1,0,1,0,0.99
100,2,0.5,1,1,1,0,0.99
100,2,1,1,0,0,4.04,0.99
100,2,1,1,1,0,0,0.99
100,2,1,1,0,1,0,0.99
100,2,1,1,1,1,0,0.99
100,1,0.015625,1,0,0,0,0.99
100,1,0.015625,1,1,0,0,0.99
100,1,0.015625,1,0,1,0,0.99
100,1,0.015625,1,1,1,0,0.99
100,1,0.03125,1,0,0,0,0.99
100,1,0.03125,1,1,0,0,0.99
100,1,0.03125,1,0,1,0,0.99
100,1,0.03125,1,1,1,0,0.99
100,1,0.0625,1,0,0,0,0.99
100,1,0.0625,1,1,0,0,0.99
100,1,0.0625,1,0,1,0,0.99
100,1,0.0625,1,1,1,0,0.99
100,1,0.125,1,0,0,0,0.99
100,1,0.125,1,1,0,0,0.99
100,1,0.125,1,0,1,0,0.99
100,1,0.125,1,1,1,0,0.99
100,1,0.25,1,0,0,0,0.99
100,1,0.25,1,1,0,0,0.99
100,1,0.25,1,0,1,0,0.99
100,1,0.25,1,1,1,0,0.99
100,1,0.5,1,0,0,0,0.99
100,1,0.5,1,1,0,0,0.99
100,1,0.5,1,0,1,0,0.99
100,1,0.5,1,1,1,0,0.99
100,1,1,1,0,0,0,0.99
100,1,1,1,1,0,0,0.99
100,1,1,1,0,1,0,0.99
100,1,1,1,1,1,0,0.99
10,6,0.015625,0,0,0,0.9,0.9
10,6,0.015625,0,1,0,0,0.9
10,6,0.015625,0,0,1,0,0.9
10,6,0.015625,0,1,1,0,0.9
10,6,0.03125,0,0,0,0.9,0.9
10,6,0.03125,0,1,0,0,0.9
10,6,0.03125,0,0,1,0,0.9
10,6,0.03125,0,1,1,0,0.9
10,6,0.0625,0,0,0,0.9,0.9
10,6,0.0625,0,1,0,0,0.9
10,6,0.0625,0,0,1,0,0.9
10,6,0.0625,0,1,1,0,0.9
10,6,0.125,0,0,0,0.9,0.9
10,6,0.125,0,1,0,0,0.9
10,6,0.125,0,0,1,0,0.9
10,6,0.125,0,1,1,0,0.9
10,6,0.25,0,0,0,1.8,0.9
10,6,0.25,0,1,0,0,0.9
10,6,0.25,0,0,1,0.9,0.9
10,6,0.25,0,1,1,0,0.9
10,6,0.5,0,0,0,0.9,0.9
10,6,0.5,0,1,0,0,0.9
10,6,0.5,0,0,1,0.9,0.9
10,6,0.5,0,1,1,0,0.9
10,6,1,0,0,0,0.9,0.9
10,6,1,0,1,0,0,0.9
10,6,1,0,0,1,0.9,0.9
10,6,1,0,1,1,0,0.9
10,5,0.015625,0,0,0,0.3,0.9
10,5,0.015625,0,1,0,0,0.9
10,5,0.015625,0,0,1,0,0.9
10,5,0.015625,0,1,1,0,0.9
10,5,0.03125,0,0,0,0,0.9
10,5,0.03125,0,1,0,0,0.9
10,5,0.03125,0,0,1,0,0.9
10,5,0.03125,0,1,1,0,0.9
10,5,0.0625,0,0,0,0.9,0.9
10,5,0.0625,0,1,0,0,0.9
10,5,0.0625,0,0,1,0,0.9
10,5,0.0625,0,1,1,0,0.9
10,5,0.125,0,0,0,0.9,0.9
10,5,0.125,0,1,0,0,0.9
10,5,0.125,0,0,1,0,0.9
10,5,0.125,0,1,1,0,0.9
10,5,0.25,0,0,0,0.9,0.9
10,5,0.25,0,1,0,0,0.9
10,5,0.25,0,0,1,0,0.9
10,5,0.25,0,1,1,0,0.9
10,5,0.5,0,0,0,0.9,0.9
10,5,0.5,0,1,0,0,0.9
10,5,0.5,0,0,1,0,0.9
10,5,0.5,0,1,1,0,0.9
10,5,1,0,0,0,0.9,0.9
10,5,1,0,1,0,0,0.9
10,5,1,0,0,1,0,0.9
10,5,1,0,1,1,0,0.9
10,4,0.015625,0,0,0,0,0.9
10,4,0.015625,0,1,0,0,0.9
10,4,0.015625,0,0,1,0,0.9
10,4,0.015625,0,1,1,0,0.9
10,4,0.03125,0,0,0,0,0.9
10,4,0.03125,0,1,0,0,0.9
10,4,0.03125,0,0,1,0,0.9
10,4,0.03125,0,1,1,0,0.9
10,4,0.0625,0,0,0,0,0.9
10,4,0.0625,0,1,0,0,0.9
10,4,0.0625,0,0,1,0,0.9
10,4,0.0625,0,1,1,0,0.9
10,4,0.125,0,0,0,0,0.9
10,4,0.125,0,1,0,0,0.9
10,4,0.125,0,0,1,0,0.9
10,4,0.125,0,1,1,0,0.9
10,4,0.25,0,0,0,0.9,0.9
10,4,0.25,0,1,0,0,0.9
10,4,0.25,0,0,1,0,0.9
10,4,0.25,0,1,1,0,0.9
10,4,0.5,0,0,0,0.9,0.9
10,4,0.5,0,1,0,0,0.9
10,4,0.5,0,0,1,0,0.9
10,4,0.5,0,1,1,0,0.9
10,4,1,0,0,0,0.9,0.9
10,4,1,0,1,0,0,0.9
10,4,1,0,0,1,0,0.9
10,4,1,0,1,1,0,0.9
10,3,0.015625,0,0,0,0,0.9
10,3,0.015625,0,1,0,0,0.9
10,3,0.015625,0,0,1,0,0.9
10,3,0.015625,0,1,1,0,0.9
10,3,0.03125,0,0,0,0,0.9
10,3,0.03125,0,1,0,0,0.9
10,3,0.03125,0,0,1,0,0.9
10,3,0.03125,0,1,1,0,0.9
10,3,0.0625,0,0,0,0,0.9
10,3,0.0625,0,1,0,0,0.9
10,3,0.0625,0,0,1,0,0.9
10,3,0.0625,0,1,1,0,0.9
10,3,0.125,0,0,0,0,0.9
10,3,0.125,0,1,0,0,0.9
10,3,0.125,0,0,1,0,0.9
10,3,0.125,0,1,1,0,0.9
10,3,0.25,0,0,0,0,0.9
10,3,0.25,0,1,0,0,0.9
10,3,0.25,0,0,1,0,0.9
10,3,0.25,0,1,1,0,0.9
10,3,0.5,0,0,0,0,0.9
10,3,0.5,0,1,0,0,0.9
10,3,0.5,0,0,1,0,0.9
10,3,0.5,0,1,1,0,0.9
10,3,1,0,0,0,0,0.9
10,3,1,0,1,0,0,0.9
10,3,1,0,0,1,0,0.9
10,3,1,0,1,1,0,0.9
10,2,0.015625,0,0,0,0,0.9
10,2,0.015625,0,1,0,0,0.9
10,2,0.015625,0,0,1,0,0.9
10,2,0.015625,0,1,1,0,0.9
10,2,0.03125,0,0,0,0,0.9
10,2,0.03125,0,1,0,0,0.9
10,2,0.03125,0,0,1,0,0.9
10,2,0.03125,0,1,1,0,0.9
10,2,0.0625,0,0,0,0,0.9
10,2,0.0625,0,1,0,0,0.9
10,2,0.0625,0,0,1,0,0.9
10,2,0.0625,0,1,1,0,0.9
10,2,0.125,0,0,0,0,0.9
10,2,0.125,0,1,0,0,0.9
10,2,0.125,0,0,1,0,0.9
10,2,0.125,0,1,1,0,0.9
10,2,0.25,0,0,0,0,0.9
10,2,0.25,0,1,0,0,0.9
10,2,0.25,0,0,1,0,0.9
10,2,0.25,0,1,1,0,0.9
10,2,0.5,0,0,0,0,0.9
10,2,0.5,0,1,0,0,0.9
10,2,0.5,0,0,1,0,0.9
10,2,0.5,0,1,1,0,0.9
10,2,1,0,0,0,0,0.9
10,2,1,0,1,0,0,0.9
10,2,1,0,0,1,0,0.9
10,2,1,0,1,1,0,0.9
10,1,0.015625,0,0,0,0,0.9
10,1,0.015625,0,1,0,0,0.9
10,1,0.015625,0,0,1,0,0.9
10,1,0.015625,0,1,1,0,0.9
10,1,0.03125,0,0,0,0,0.9
10,1,0.03125,0,1,0,0,0.9
10,1,0.03125,0,0,1,0,0.9
10,1,0.03125,0,1,1,0,0.9
10,1,0.0625,0,0,0,0,0.9
10,1,0.0625,0,1,0,0,0.9
10,1,0.0625,0,0,1,0,0.9
10,1,0.0625,0,1,1,0,0.9
10,1,0.125,0,0,0,0,0.9
10,1,0.125,0,1,0,0,0.9
10,1,0.125,0,0,1,0,0.9
10,1,0.125,0,1,1,0,0.9
10,1,0.25,0,0,0,0,0.9
10,1,0.25,0,1,0,0,0.9
10,1,0.25,0,0,1,0,0.9
10,1,0.25,0,1,1,0,0.9
10,1,0.5,0,0,0,0,0.9
10,1,0.5,0,1,0,0,0.9
10,1,0.5,0,0,1,0,0.9
10,1,0.5,0,1,1,0,0.9
10,1,1,0,0,0,0,0.9
10,1,1,0,1,0,0,0.9
10,1,1,0,0,1,0,0.9
10,1,1,0,1,1,0,0.9
10,6,0.015625,1,0,0,7.7,0.9
10,6,0.015625,1,1,0,0.9,0.9
10,6,0.015625,1,0,1,4.5,0.9
10,6,0.015625,1,1,1,0.9,0.9
10,6,0.03125,1,0,0,7.1,0.9
10,6,0.03125,1,1,0,0.9,0.9
10,6,0.03125,1,0,1,4.4,0.9
10,6,0.03125,1,1,1,0.9,0.9
10,6,0.0625,1,0,0,7.2,0.9
10,6,0.0625,1,1,0,0.9,0.9
10,6,0.0625,1,0,1,3.6,0.9
10,6,0.0625,1,1,1,0.9,0.9
10,6,0.125,1,0,0,8.1,0.9
10,6,0.125,1,1,0,0.9,0.9
10,6,0.125,1,0,1,4.4,0.9
10,6,0.125,1,1,1,0.9,0.9
10,6,0.25,1,0,0,9,0.9
10,6,0.25,1,1,0,0.9,0.9
10,6,0.25,1,0,1,5.4,0.9
10,6,0.25,1,1,1,0.9,0.9
10,6,0.5,1,0,0,5.7,0.9
10,6,0.5,1,1,0,0.9,0.9
10,6,0.5,1,0,1,6.3,0.9
10,6,0.5,1,1,1,0.9,0.9
10,6,1,1,0,0,5.4,0.9
10,6,1,1,1,0,0.9,0.9
10,6,1,1,0,1,5.4,0.9
10,6,1,1,1,1,0.9,0.9
10,5,0.015625,1,0,0,3.7,0.9
10,5,0.015625,1,1,0,0.8,0.9
10,5,0.015625,1,0,1,1.8,0.9
10,5,0.015625,1,1,1,0.8,0.9
10,5,0.03125,1,0,0,2.7,0.9
10,5,0.03125,1,1,0,0,0.9
10,5,0.03125,1,0,1,1.8,0.9
10,5,0.03125,1,1,1,0,0.9
10,5,0.0625,1,0,0,3.5,0.9
10,5,0.0625,1,1,0,0,0.9
10,5,0.0625,1,0,1,1.8,0.88
10,5,0.0625,1,1,1,0,0.9
10,5,0.125,1,0,0,3.2,0.9
10,5,0.125,1,1,0,0,0.9
10,5,0.125,1,0,1,1.8,0.88
10,5,0.125,1,1,1,0.1,0.9
10,5,0.25,1,0,0,3.8,0.9
10,5,0.25,1,1,0,0,0.9
10,5,0.25,1,0,1,1.8,0.9
10,5,0.25,1,1,1,0.1,0.9
10,5,0.5,1,0,0,2.5,0.9
10,5,0.5,1,1,0,0,0.9
10,5,0.5,1,0,1,2,0.9
10,5,0.5,1,1,1,0,0.9
10,5,1,1,0,0,2.5,0.9
10,5,1,1,1,0,0,0.9
10,5,1,1,0,1,1.8,0.9
10,5,1,1,1,1,0,0.9
10,4,0.015625,1,0,0,1.9,0.9
10,4,0.015625,1,1,0,0,0.9
10,4,0.015625,1,0,1,0.9,0.9
10,4,0.015625,1,1,1,0,0.9
10,4,0.03125,1,0,0,1.8,0.9
10,4,0.03125,1,1,0,0,0.9
10,4,0.03125,1,0,1,1,0.9
10,4,0.03125,1,1,1,0,0.9
10,4,0.0625,1,0,0,1.9,0.9
10,4,0.0625,1,1,0,0,0.9
10,4,0.0625,1,0,1,1,0.9
10,4,0.0625,1,1,1,0,0.9
10,4,0.125,1,0,0,1.8,0.9
10,4,0.125,1,1,0,0,0.9
10,4,0.125,1,0,1,1,0.9
10,4,0.125,1,1,1,0,0.9
10,4,0.25,1,0,0,2,0.9
10,4,0.25,1,1,0,0,0.9
10,4,0.25,1,0,1,1,0.9
10,4,0.25,1,1,1,0,0.9
10,4,0.5,1,0,0,1.6,0.9
10,4,0.5,1,1,0,0,0.9
10,4,0.5,1,0,1,1,0.9
10,4,0.5,1,1,1,0,0.9
10,4,1,1,0,0,1.6,0.9
10,4,1,1,1,0,0,0.9
10,4,1,1,0,1,1,0.9
10,4,1,1,1,1,0,0.9
10,3,0.015625,1,0,0,0.5,0.9
10,3,0.015625,1,1,0,0,0.9
10,3,0.015625,1,0,1,0.1,0.9
10,3,0.015625,1,1,1,0,0.9
10,3,0.03125,1,0,0,0.1,0.9
10,3,0.03125,1,1,0,0,0.9
10,3,0.03125,1,0,1,0,0.9
10,3,0.03125,1,1,1,0,0.9
10,3,0.0625,1,0,0,0,0.9
10,3,0.0625,1,1,0,0,0.9
10,3,0.0625,1,0,1,0,0.9
10,3,0.0625,1,1,1,0,0.9
10,3,0.125,1,0,0,0,0.9
10,3,0.125,1,1,0,0,0.9
10,3,0.125,1,0,1,0,0.9
10,3,0.125,1,1,1,0,0.9
10,3,0.25,1,0,0,0.2,0.9
10,3,0.25,1,1,0,0,0.9
10,3,0.25,1,0,1,0.1,0.9
10,3,0.25,1,1,1,0,0.9
10,3,0.5,1,0,0,0,0.9
10,3,0.5,1,1,0,0,0.9
10,3,0.5,1,0,1,0,0.9
10,3,0.5,1,1,1,0,0.9
10,3,1,1,0,0,0,0.9
10,3,1,1,1,0,0,0.9
10,3,1,1,0,1,0,0.9
10,3,1,1,1,1,0,0.9
10,2,0.015625,1,0,0,0,0.9
10,2,0.015625,1,1,0,0,0.9
10,2,0.015625,1,0,1,0,0.9
10,2,0.015625,1,1,1,0,0.9
10,2,0.03125,1,0,0,0,0.9
10,2,0.03125,1,1,0,0,0.9
10,2,0.03125,1,0,1,0,0.9
10,2,0.03125,1,1,1,0,0.9
10,2,0.0625,1,0,0,0,0.9
10,2,0.0625,1,1,0,0,0.9
10,2,0.0625,1,0,1,0,0.9
10,2,0.0625,1,1,1,0,0.9
10,2,0.125,1,0,0,0,0.9
10,2,0.125,1,1,0,0,0.9
10,2,0.125,1,0,1,0,0.9
10,2,0.125,1,1,1,0,0.9
10,2,0.25,1,0,0,0,0.9
10,2,0.25,1,1,0,0,0.9
10,2,0.25,1,0,1,0,0.9
10,2,0.25,1,1,1,0.1,0.9
10,2,0.5,1,0,0,0,0.9
10,2,0.5,1,1,0,0,0.9
10,2,0.5,1,0,1,0,0.9
10,2,0.5,1,1,1,0,0.9
10,2,1,1,0,0,0,0.9
10,2,1,1,1,0,0,0.9
10,2,1,1,0,1,0,0.9
10,2,1,1,1,1,0,0.9
10,1,0.015625,1,0,0,0,0.9
10,1,0.015625,1,1,0,0,0.9
10,1,0.015625,1,0,1,0,0.9
10,1,0.015625,1,1,1,0,0.9
10,1,0.03125,1,0,0,0,0.9
10,1,0.03125,1,1,0,0,0.9
10,1,0.03125,1,0,1,0,0.9
10,1,0.03125,1,1,1,0,0.9
10,1,0.0625,1,0,0,0,0.9
10,1,0.0625,1,1,0,0,0.9
10,1,0.0625,1,0,1,0,0.9
10,1,0.0625,1,1,1,0,0.9
10,1,0.125,1,0,0,0,0.9
10,1,0.125,1,1,0,0,0.9
10,1,0.125,1,0,1,0,0.9
10,1,0.125,1,1,1,0,0.9
10,1,0.25,1,0,0,0,0.9
10,1,0.25,1,1,0,0,0.9
10,1,0.25,1,0,1,0,0.9
10,1,0.25,1,1,1,0,0.9
10,1,0.5,1,0,0,0,0.9
10,1,0.5,1,1,0,0,0.9
10,1,0.5,1,0,1,0,0.9
10,1,0.5,1,1,1,0,0.9
10,1,1,1,0,0,0,0.9
10,1,1,1,1,0,0,0.9
10,1,1,1,0,1,0,0.9
10,1,1,1,1,1,0,0.9
